id,text,class
ENG_5, KRR KNSL SSNS KNFT ,CAREER
ENG_6, R INF ABT PSTS ESTB RK RP ,AGRICULTURE
ENG_7, JM INF ABT BLK RPKJ PSTS ,AGRICULTURE
ENG_11, PRKT NKK  STR PT ,AGRICULTURE
ENG_14, ONLN KRS 0R SL FS TK ,AGRICULTURE
ENG_15, WTS TRTM PKS ,HEALTH
ENG_16, HS SMLP SPRT ,HEALTH
ENG_17, SMLP INFK ,HEALTH
ENG_18, SMLP MN IMN LF ,HEALTH
ENG_19, HM INSR FLT WF KXN KLS ,INSURANCE
ENG_20, BLTK INSR SXT NT INSR ,INSURANCE
ENG_21, LFN RNT Y INSR ,INSURANCE
ENG_22, Y INKR TTL AMT INSR ,INSURANCE
ENG_23, WTS RMBR KLM ,INSURANCE
ENG_24, KNSS PRFT RTL LNS ,BANK
ENG_25, FTS AT SWP ,BANK
ENG_26, TSK KR PWR ,BANK
ENG_27, TRFT ALWT  MN0S SLR ,BANK
ENG_28, WTS RMBR KRNT AKK ,BANK
ENG_29, O0R INTN ELS B PRPR ,BANK
ENG_30, T TFN NR ,BANK
ENG_31, PRT L0 INSR ,INSURANCE
ENG_32, KX FK BL AMT OK ,INSURANCE
ENG_33, Y AST JTN KX FK ,INSURANCE
ENG_34, IRKT MBL XT RJST ,INDIAN
ENG_35, KNSS 0TKL TRFL ,INDIAN
ENG_36,  NR PYNK ,INDIAN
ENG_37,  TNLT IRKT MBL ,INDIAN
ENG_39, OFTN KRR KNSL MT ,CAREER
ENG_40, ABT TL BST KNSL ,CAREER
ENG_41, SM  RT RSM ,CAREER
ENG_42, JB PLSM ,CAREER
ENG_43, KRR SSNS KNFT ,CAREER
ENG_44, HL0 INSR ABL KRR KNSL ,CAREER
ENG_45, TTKT TKS RTRN PL KRR KNSL SSNS ,CAREER
ENG_46, PSBL RSKT KNSL KNSL SSN ,CAREER
ENG_47, T PMNT M0TS ,INDIAN
ENG_49, HT SBRT KLM MRTK WS TFLT KLFS FR MTFK ,LOAN
ENG_50, XLT MRTK PRFR ESKR ANLS KMPL LN MTFK ,LOAN
ENG_51, AM UNMP SPS EMPL KLF LN MTFK NMS MRTK ,LOAN
ENG_52, IM HFN PRBS APRS F HLP ,LOAN
ENG_53, F HLP KMPL ITMS WT BLTR ,LOAN
ENG_54, LNTR KLKT TKSS INSR ,LOAN
ENG_55, NT FLR ITL ,GK
ENG_56, NTL FLWR XN ,GK
ENG_57, PRM SK SRK LK ,GK
ENG_58, X KTW KLF IRN ,GK
ENG_59, R INTS RF ST ,GK
ENG_60, FN RLT ENFR T ,GK
ENG_61, WTS NTL FLWR BRTS ,GK
ENG_62, AXS LRJS XPN ML ,GK
ENG_63, WS LRJT TN PRTK ,GK
ENG_64, KNTR KLT LNT RSN SN ,GK
ENG_65, TPT PK TR ERNN  RS S ,SPORTS
ENG_66, X PRSN WN BK WRLT SR PKR TRN ,SPORTS
ENG_67, TMS NFL AFL JNT FLT  ,SPORTS
ENG_68, ST HSTS RL BNPT TRN KLJ HK BSTS ,SPORTS
ENG_69, WTS RF SYN KLSP RSTS HK ,SPORTS
ENG_75, SRS PKS ,HEALTH
ENG_77, NK PRSN INHR MKLR TJNR PRNT XT ARTS ,SPORTS
ENG_78, WTS UPLN TN LNK KMN FRK ,TELECOMMUNICATION
ENG_85, PRLS KFRT PLS ,INSURANCE
ENG_86, PRST ASSN FL HM KNTN ,INSURANCE
ENG_87, LF RNT TNT INSR RKT ,INSURANCE
ENG_88, AMS KRNT KXLS FK ,INSURANCE
ENG_89,  BSNL KN ,TELECOMMUNICATION
ENG_90, FRMS PMNT AR LNS AKSP ,TOURISM
ENG_91, XPR ALTR AR AMBL ,TOURISM
ENG_92, INSR KFR AR AMBL ,TOURISM
ENG_93, KST INKL EFR0 AR TRNS ,TOURISM
ENG_94, WTS AR AMBL ,TOURISM
ENG_95, WLT PTNT RK AR AMBL ,TOURISM
ENG_96, HPNS IRKT LK ,INDIAN
ENG_97, TTLS 0TKL BKN ,INDIAN
ENG_98, HPN FRKT FT IT ,INDIAN
ENG_99,  PMNT  ETKT ,INDIAN
ENG_103, ATFN ISTN ,TELECOMMUNICATION
ENG_104, SPRT LN FR ATSL ,TELECOMMUNICATION
ENG_105, IXNJ FRM  BRTB TT RT  AN0R ,TELECOMMUNICATION
ENG_106, MKS AMNT  HS LN ,LOAN
ENG_107, KT TTL TRNS AF NTR KRS ,INDIAN
ENG_108, PLN JRN USNK INTR RSRF ,INDIAN
ENG_109, TTKL BKNK ,INDIAN
ENG_110, WL KT NR ONK PMNT MT ,INDIAN
ENG_111, FTS FTRN TRBL RPLY LN ,LOAN
ENG_112, Y  PRXS F PRP ,LOAN
ENG_113, WRS LST F HMS SL ,LOAN
ENG_114, Y ANS KNS RLTT PRPR ,LOAN
ENG_115, FTRN PRXS F ONT PRP ,LOAN
ENG_116, F FNNS F ONT PRP PRXS ,LOAN
ENG_117, TN PRFL ,HEALTH
ENG_118, TR RSK HFTR AFNK TT TRNK BT PRKN FSTN BRBR ,HEALTH
ENG_119, TN PRFL WTS IT ,HEALTH
ENG_120, BNFT TN PRFL ,HEALTH
ENG_121, WS XRTS HLTS RKRT KMS PLYT MJR LK INKL ASST TBL PLS ,SPORTS
ENG_123, TXNK TN PRFL ,HEALTH
ENG_124, PRT EKSK  KRR HTS TYN KRX ,SPORTS
ENG_125, SSNS JRK PL KM IN ,SPORTS
ENG_126, SSNS L JRK PL INNK KM ,SPORTS
ENG_127, B PRPR INT ,BANK
ENG_128, TPS NXNS KPK NTL ,BANK
ENG_135, Y JT BSNL KN ,TELECOMMUNICATION
ENG_136, NT BSNL KN HLP ,TELECOMMUNICATION
ENG_137, BSNL KNKX TL Y ,TELECOMMUNICATION
ENG_138, JT BSNL KNKS ,TELECOMMUNICATION
ENG_139, KNKS BSNL ,TELECOMMUNICATION
ENG_140, HPNS XFT HS TLKM ,TELECOMMUNICATION
ENG_141, UPLT ,TELECOMMUNICATION
ENG_142, UPLT ,TELECOMMUNICATION
ENG_143, SRFS Y OFR MTKL TRNS ,TOURISM
ENG_144, HPNS NMS LST EFN 0 BKN ,TOURISM
ENG_146, MK BKN OTST KNTR ,TOURISM
ENG_147, XN TRPT ,TOURISM
ENG_148, HS UTPR FSTN ,TOURISM
ENG_149, TL XRTS TST TRFN TRXR ,TOURISM
ENG_150, MPS MT EJPT ,TOURISM
ENG_151, TLR TRS ,TOURISM
ENG_152, IMNS FSTN INT ,TOURISM
ENG_153, EKSP INT PS ,TOURISM
ENG_154, FTKR RSTR INT EKSS NT ,TOURISM
ENG_155,  INF ABT TRNS PSTS ,AGRICULTURE
ENG_156, BTX BNFT AKR EKNM ,AGRICULTURE
ENG_157, KLTN RS ,AGRICULTURE
ENG_158, STRT AKR BS ,AGRICULTURE
ENG_160, TP AKK AFL ,BANK
ENG_161, INTR PRS ,BANK
ENG_163,  TRNS TF LNK TST KFRJ ,TELECOMMUNICATION
ENG_164, SKNL KTNK TKTN ,TELECOMMUNICATION
ENG_165, ATSL FSTR TLP ,TELECOMMUNICATION
ENG_166, IS KST KRR KNSL ,CAREER
ENG_167, ANSW INTF KS ,CAREER
ENG_168, BKM PLT BSK M0S ,CAREER
ENG_169, MTX BK MB ,CAREER
ENG_170, JMK EKSP MNL ,GK
ENG_171, X LNT T ELFN ,GK
ENG_172, IS S KKL ,GK
ENG_173, SKNT NKLR TL WT IRN ,GK
ENG_174, KNTR PRTK  TK RLT ,GK
ENG_175, MX TS KST BR MT ,LOAN
ENG_176, TKS RK FR ET LN ,LOAN
ENG_177, UTPR KT  FST ,TOURISM
ENG_178,  BK FLT ,TOURISM
ENG_179, KR PTS FLT ,TOURISM
ENG_180, WN BK  BK PKR RLT PKR TRNM ,SPORTS
ENG_181, N  KRNT SLMS  TM ,SPORTS
ENG_182, KSMT TRTM KFRT INSR ,INSURANCE
ENG_183, L KLM PMNT ,INSURANCE
ENG_184, TS KXLS FKLT ,INSURANCE
ENG_185, AKR B TXNL ,AGRICULTURE
ENG_187, FRMR ATPT KRP FRTS TF USNK BTX ,AGRICULTURE
ENG_188, T SL TSTN ,AGRICULTURE
ENG_189, R FRTL PSTS ,AGRICULTURE
ENG_190, R INF FRTL ,AGRICULTURE
ENG_191, Y TL R AKR MXNR ,AGRICULTURE
ENG_192, WTS KMPS ,AGRICULTURE
ENG_193,  ONLN XPN ,BANK
ENG_194, BNK JFS L INTR  LNS ,BANK
ENG_195, BNK PRFT ET LNS ,BANK
ENG_196,  KNJ ATM PN ,BANK
ENG_197, LST ATM SNTR XN ,BANK
ENG_198, PRST  APLY KRTT KRT ,BANK
ENG_199,  TKTF LST ATM KRT ,BANK
ENG_200, NTFS ,BANK
ENG_201, LST JBS AFL ,CAREER
ENG_202,  RT PRFS RSM ,CAREER
ENG_203, WTS EFKT RSM ,CAREER
ENG_204, TS BNK 0RP AFKT KNSL ,CAREER
ENG_205, TKL T KNS ,CAREER
ENG_206, KMN KRR SLNS HLPT KLNT TKL ,CAREER
ENG_207, EKSP KRR KNSL PRSS ,CAREER
ENG_208, KRR KNSL PRSS KN  ,CAREER
ENG_216, FRST INTN   SPS ,GK
ENG_217, BST SPTL XN ,HEALTH
ENG_218,  PRFN TB ,HEALTH
ENG_219, BST MTKN  KLT ,HEALTH
ENG_220, R FNT INF ABT FRTL ,AGRICULTURE
ENG_221, AKRK BTXL ,AGRICULTURE
ENG_222, RSKS NTK ENK ,AGRICULTURE
ENG_223, XT SPSN BT TRS ,AGRICULTURE
ENG_224,  ENRL  SKL AKRK PRK ,AGRICULTURE
ENG_225, T TT KN R SBMT FRM ,AGRICULTURE
ENG_226, X AKR PRTK SRTF ORKN ,AGRICULTURE
ENG_227, TRMN TX MNS ,AGRICULTURE
ENG_228, BTX KRT FR FT B S ,AGRICULTURE
ENG_229, WM KNTK RPRT KRN HS KS EMXN ,AGRICULTURE
ENG_230, AM RTRN INT RTN ASTS US ,BANK
ENG_231, T UR BNKS KPBL ,BANK
ENG_232, IM STSN AKR BNKL INT JFT ,BANK
ENG_233, TNT SBMT LF SRT NF ABT PNXN ,BANK
ENG_235, AM 0 PS FRM IKN X LNK XT LRN O0R 0N ENK ,CAREER
ENG_236, T UNFR OFRN MSTR TKR AFTR BM ,CAREER
ENG_237, F K MB SPF F  R EKSP T JB OPRT ABRT ,CAREER
ENG_238, T SB MSK M0S X UNFR FR SPXL ,CAREER
ENG_239, TLTT KNFR EML WBNR NKST ,CAREER
ENG_240, KNTR WT PPLX TNST ,GK
ENG_241, WS ASSN JN KNT ,GK
ENG_242, TPR FRBS BLNR UNFR LST ,GK
ENG_244, NM ST INTN NF XF FS ATMR ,GK
ENG_245, TS IMPK STRS HL0 ,HEALTH
ENG_246, ULSR KST ALKH ,HEALTH
ENG_247, IM EKSP BF XT ,HEALTH
ENG_248, TR TRTM FR BKTR MNNJ ,HEALTH
ENG_249, LFL ANT OKST SN KT NT ,HEALTH
ENG_250, TS KXLS KLM ,INSURANCE
ENG_251, HL0 KK KFRT TS PLS ,INSURANCE
ENG_252, BLTN INSR INSR ,INSURANCE
ENG_253, K PMNT MNS ,INSURANCE
ENG_254, R SBMT KLM ,INSURANCE
ENG_255, AKTF IRKT MBL ,INDIAN
ENG_256, TL FRNT ABT IRKT MBL ,INDIAN
ENG_257, T TKT KNSL KRKS ,INDIAN
ENG_258, FR TKT TLFR T XT PRFT KRR ,INDIAN
ENG_259, T TNT PLN JRN ATFN ,INDIAN
ENG_260, T BR FRM USF LBRR ,LOAN
ENG_265, BNPT TRNM HSTT KT ,SPORTS
ENG_266, WNR  PK PLR R ,SPORTS
ENG_267,  WMN KLT MTLS ,SPORTS
ENG_268, TS WMN SPRT PLT SMR OLMP  ,SPORTS
ENG_269, MN EBL FKTM T  TS ,SPORTS
ENG_270, LSR STML RKS ,TELECOMMUNICATION
ENG_271, LS RKS FR KM ,TELECOMMUNICATION
ENG_272, FM PRFR FR MSK TRNS ,TELECOMMUNICATION
ENG_273, EFKT KLT WFLN FBR OPTK KBL ,TELECOMMUNICATION
ENG_274, E0RN KT ,TELECOMMUNICATION
ENG_275, BRN WT FNTR ,TOURISM
ENG_276, R EJPT MPS ,TOURISM
ENG_277, SKST RSTR MMB ,TOURISM
ENG_278, TS PRSS KNKL TKT ,TOURISM
ENG_279, BTST MTKL TRNS MNS T ,TOURISM
ENG_280, FT PRTK BTXN SF  ET ,AGRICULTURE
ENG_281, FTS PRSS SL TSTN ,AGRICULTURE
ENG_282, FRM R ST PRXS FRTL ,AGRICULTURE
ENG_283, FRM R  N ABT FRTL ,AGRICULTURE
ENG_284, FRM R KT INF ABT TRNS FRTL ,AGRICULTURE
ENG_285, FT BNFT KSP ,BANK
ENG_286, MN TPS AKKN 0R  KSTM ,BANK
ENG_288, FT TKMN RKRT  SLR AKKN ,BANK
ENG_289, FT MLTS XK ,BANK
ENG_290, FT SRFS AFLB  KRR KNSL ,CAREER
ENG_291, KST  KRR KSLN ,CAREER
ENG_292, PRFT N FR KRR KNSL ,CAREER
ENG_293, FT KNTS JBS 0R  KRTT ,CAREER
ENG_294, FT PLKM SRFS ,CAREER
ENG_295, FX ANML S WT BLT ,GK
ENG_296, FX RFR WRLT ,GK
ENG_297, FX HJST MNTN WRLT ,GK
ENG_298, FX BKST TSRT WRLT ,GK
ENG_299, LRJS OSN WRLT ,GK
ENG_300, FT TFRN ATTF 0T ATT WN ,HEALTH
ENG_301, FT HL0 EFKT STRS ,HEALTH
ENG_302, ALXL KS ULSR ,HEALTH
ENG_303, 0R N BNFT TRNK ALXL ,HEALTH
ENG_304, EKSS TRNK KS KNSR ,HEALTH
ENG_305, FT TFRN KNSR NT KPMN ,INSURANCE
ENG_306, FTS TL FR N KMPN ,INSURANCE
ENG_307, HL0 TP ,INSURANCE
ENG_308, FTS FML FLTR PLN ,INSURANCE
ENG_309, FT KPMN ,INSURANCE
ENG_310, FT BNFT USNK IRKT ,INDIAN
ENG_311, FT SRFS RLTT TKTN PRFT IRKT ,INDIAN
ENG_312, FT STPS  JTNK IRKT SRFS ,INDIAN
ENG_313, BK TKT USNK IRKT SRFS ,INDIAN
ENG_314, KNSL TKT IRKT ,INDIAN
ENG_315, FT INTR LN ,LOAN
ENG_316, APL  F KRNT LN ,LOAN
ENG_317, OBTN PRF  MLTR SRFS ,LOAN
ENG_318, T PRST PYF LN ,LOAN
ENG_319, 0R N PNLT  OFRT ITMS ,LOAN
ENG_320, WRLT BT KRKT ,SPORTS
ENG_321, TP RXST PLYR WRLT ,SPORTS
ENG_322, FRM R MS THN BLNK ,SPORTS
ENG_323, FX INTN KRKT S TKN HT TRK TST MX ,SPORTS
ENG_324, FT TSTN BTN KRKT STMP ,SPORTS
ENG_325, FTS HT TLKM PRFS PLSS ,TELECOMMUNICATION
ENG_326, FT SFSS PRFT HTLK ,TELECOMMUNICATION
ENG_327, FT MSTR KNTR FSLT ,TELECOMMUNICATION
ENG_328, FT TFRN BTN KRTK FRKN NT KRTK NKL ,TELECOMMUNICATION
ENG_329, SPX RPRT RSFR ,TELECOMMUNICATION
ENG_330, ST XS INT OFR O0R TSTN ,TOURISM
ENG_331,  BRNK PTS FT US ,TOURISM
ENG_332, 0R N RSTR FTKR INT ,TOURISM
ENG_333, FT MJR TRST INT ,TOURISM
ENG_334, UR ST AKSP FRN KRTT KRTS ,TOURISM
ENG_335, PFT SKT FRKS AFBL FR IMTT ,AGRICULTURE
ENG_336, AKRK W0R SRFS ,AGRICULTURE
ENG_337, PNS EMPL FRT ,AGRICULTURE
ENG_338, ORKN FT KSTL ,AGRICULTURE
ENG_339, SBJK TT ONLN AKRK PRKM ,AGRICULTURE
ENG_342, RKRT ORKN NFT TRNK ,BANK
ENG_343, PRKS KRKS FR NFT TRNS ,BANK
ENG_344, BNK PRFT OPRT LS ,BANK
ENG_345, SR TL ABT SFT TFL KRSS RLTT JF NT WB AFTR SKL ,CAREER
ENG_346, FTR PRSP TNK MKMM KMPT MNKM SLBS JB PRSP ,CAREER
ENG_347, AFTR BKM AKKN ,CAREER
ENG_348, BTR MB AFTR BK MK ,CAREER
ENG_349, MTKL TRNS KRS ,CAREER
ENG_351, MN BTS MKBT ,GK
ENG_352, EX KNTR S LRKS LNT ,GK
ENG_353, MSLM KNKT KRL ,GK
ENG_355, TRTM SMLP ,HEALTH
ENG_358, RSK FRM ATS ,HEALTH
ENG_359, LNK HF SRFF BT ,HEALTH
ENG_360, PRXS LF INSR ,INSURANCE
ENG_361, FL KLM ,INSURANCE
ENG_362, LF INSR IMPR ,INSURANCE
ENG_363, AFBL TFTN OPTN ,INSURANCE
ENG_364, WF KLTR LF TF ST KFR SNKL INSR ,INSURANCE
ENG_365, MN ITKT STR MBL ,INDIAN
ENG_366, XLT SNXR IRKT MBL ,INDIAN
ENG_367, AKTF IRKT MBL ,INDIAN
ENG_368, BK TTKL TKT FRM INTR ,INDIAN
ENG_369, KRTT KRT INF TRNS 0 IRKT MBL SF ,INDIAN
ENG_370, R BN FR INTR LN ,LOAN
ENG_371, BKM SLNK BRKR ,LOAN
ENG_374, TFLT ,LOAN
ENG_375, PRT EYS AFKT KTRK ,SPORTS
ENG_376, FTMN NT FNT PTT ,SPORTS
ENG_377, MNTR SN THN ML ,SPORTS
ENG_378, N FRST KT WRLT KP ,SPORTS
ENG_379, MN ISLN INTN F ,SPORTS
ENG_380, TSTF RLT SPS ,TELECOMMUNICATION
ENG_383, TF BRTK LNKR TST LRJ KFRJ ,TELECOMMUNICATION
ENG_384, RKRT FR TPLK KM USNK  R KT ,TELECOMMUNICATION
ENG_386, XLT FML WR EKPT ,TOURISM
ENG_387, MTS BFR FSTN INT ,TOURISM
ENG_388, TRPT XN ,TOURISM
ENG_389, BK FLT ,TOURISM
ENG_390, PSNK KNKS ,INDIAN
ENG_391, PNS LS MBL ,INDIAN
ENG_392, IRKT MB ,INDIAN
ENG_393, RSRF STTS TKT ,INDIAN
ENG_394, TS RT STT MN INT RL ,INDIAN
ENG_395, RSKS JNTK ENK ,AGRICULTURE
ENG_396, TS KMPS ,AGRICULTURE
ENG_397, R FNT INF ABT KMPS ,AGRICULTURE
ENG_398,  TSPS AKR PLST ,AGRICULTURE
ENG_399, TPS FRMN INT ,AGRICULTURE
ENG_400, MX WTTR FRM ATM PR T ,BANK
ENG_401, TS MLT KT KK ,BANK
ENG_402, S MT PMNT  NR ,BANK
ENG_403, NR BRNK KLT INT ,BANK
ENG_404, TS PRJK FNNK ,BANK
ENG_405, KRR KNKL ,CAREER
ENG_406, IMP TNK FLNT ,CAREER
ENG_407, PRFS RSM ,CAREER
ENG_408,  T AFTR  FRM HMNT STRM ,CAREER
ENG_409, MTX AFTR BK ,CAREER
ENG_401, BKST TSRT RLT IS ,GK
ENG_402, LN ENKL XNL IS ,GK
ENG_403, UN ,GK
ENG_404, INFN BLB ,GK
ENG_405, LNKS RFR RLT ,GK
ENG_406, HL0 EFKT TKSN ,HEALTH
ENG_407, 0R L0 BNFT  ALKH ,HEALTH
ENG_408, ALKL PSNN IS M0 RL ,HEALTH
ENG_409, TFRN TNTL JNST ASST ,HEALTH
ENG_410, T SMPT SMLP ,HEALTH
ENG_411, FML FLTR PLN ,INSURANCE
ENG_412, TS KXLS KLM ,INSURANCE
ENG_413, XLT B KRTK ILNS KFR ,INSURANCE
ENG_414, A0RS ,INSURANCE
ENG_415,  FNT HSPT JFN INSR N ,INSURANCE
ENG_416, ARTK SNT  ELKT ,LOAN
ENG_417,  SPT PRKS ,LOAN
ENG_418, PNLT  OFRT ITMS ,LOAN
ENG_419, AKSP AL EML RK ,LOAN
ENG_420, 0R KST  INTR LN ,LOAN
ENG_421, NFL PLRS RK  WR KM  ST TM  ,SPORTS
ENG_422, SKKS KLFR TM ,SPORTS
ENG_423, MY MN MPKR ,SPORTS
ENG_424, SMBL LNKT  TMKR PRT  KRTN TMS NST ,SPORTS
ENG_425, SNK TP KN HT  BRLN ,SPORTS
ENG_426, R AKRB WNSP S ,TELECOMMUNICATION
ENG_427, TF TRNS UST FM ,TELECOMMUNICATION
ENG_428, TT TRNS RKPT USNK OPTK KM ,TELECOMMUNICATION
ENG_429, ATFN ISTN ,TELECOMMUNICATION
ENG_430, BNFT ATSL ,TELECOMMUNICATION
ENG_431,  EKSP INT  BST ,TOURISM
ENG_432, INT WR NRML SNFL APRL ENT ,TOURISM
ENG_433, TS TSTN BT BHMX XRT ,TOURISM
ENG_434, XNJ USRN ,TOURISM
ENG_435, AR AMBL ,TOURISM
ENG_436, N IL ,LOAN
ENG_437, APL  F KRNT LN ,LOAN
ENG_442, TS ES HL0 PLS KFR BNFT SFRS ILNS KNTR INJR 0R AKKT INT OTST INT ,INSURANCE
ENG_443, T MNT KXLS FKLT ,INSURANCE
ENG_444,  PL XR APRT EX  TK SP HM INSR PLS ,INSURANCE
ENG_445, KLM  N PTNT BL IMTT JTN PLS ,INSURANCE
ENG_446, TL NM ANML HS BLT WT ,GK
ENG_447, RFR KRS MKS KNTT WTR IN S IS ,GK
ENG_448, UN STNT  ,GK
ENG_449, N PPLR NN ST ,GK
ENG_450, TK APT KRR INTR TSTS KNSL SRFK ,CAREER
ENG_451, KRR KNSL LP M ,CAREER
ENG_452, ANS TF INTR KS ,CAREER
ENG_453, NT  EKT EKSM APL  EKT EKSM WL LTN KMN RT KRTR  EKT EKSM  ENK ,CAREER
ENG_454, AM BTX INST FNL R STTN  LK  ABT PK PRKS OFRT INT ,CAREER
ENG_455, IRKT MBL FR RL TKTN ,INDIAN
ENG_456, KT TTL TRNS AF NTR KRS ,INDIAN
ENG_457, PLN JRN USNK INTR RSRF ,INDIAN
ENG_458, TTKL BKNK ,INDIAN
ENG_459, WL KT NR ONK PMNT MT ,INDIAN
ENG_461, EKSP RKRT TPN ,TOURISM
ENG_462, INF PRFT RLBL ,TOURISM
ENG_463, KT N RKMN KT KS0S NR0 K ,TOURISM
ENG_464, LKK PTNT BRN ,TOURISM
ENG_465, TP PMNT M0T TLKM ,TELECOMMUNICATION
ENG_466, ATFN ISTN ,TELECOMMUNICATION
ENG_467, SPRT LN FR ATSL ,TELECOMMUNICATION
ENG_468, IXNJ FRM  BRTB TT RT  AN0R ,TELECOMMUNICATION
ENG_469, SPX RPRT RKFR ,TELECOMMUNICATION
ENG_470, HS ST PLR  KPTN  TF NL XMPN TMS ,SPORTS
ENG_471, MN TSKN FSTF SPTS TR HK RNK ,SPORTS
ENG_472, NKST KRKT T RLT KP KN B LT ,SPORTS
ENG_473, PT T KRT BT ,SPORTS
ENG_474, S BRN LR EFR BLT TST T KRKT ,SPORTS
ENG_475, PSBL  TFS TF KMPT PFR TFR STLT STR ETK ,INTERNAL
ENG_476, WN SLNT HTS SKTR INF HRT TRF ,INTERNAL
ENG_477, WN FNT HTX TRF KMPN ,INTERNAL
ENG_478, INKM SSTM HRT TRF INST ,INTERNAL
ENG_479, F TNT PK KPST TRF ,INTERNAL
ENG_480, AM JTN FRMT TTNT KMPL FRMT  ,INTERNAL
ENG_481, AM JTN 0 TSK TMJT FRMT  ,INTERNAL
ENG_482, SKS TRF JFN ERR KLT STRT UNT RKST FLR FKS  ,INTERNAL
ENG_483, PRSJ TSKN USB KMPT FN TN FT STRN STF ,INTERNAL
ENG_484, S BL HRT TRFS ,INTERNAL
ENG_485,  KB KLP JMPR STN ,INTERNAL
ENG_486, HPNS PX BTN ,INTERNAL
ENG_487, USB KBL KMS AKST HPNS BKP ,INTERNAL
ENG_488, SKS TRF SKS KNTR ,INTERNAL
ENG_489, WNT HRTR ENHN SK ERS FNK TRS ,INTERNAL
ENG_490, BLK TT ENKR RK MK APL SS ,INTERNAL
ENG_491, T PRSN ,PERSONALITY
ENG_492, PSBL IMPF PRSN ,PERSONALITY
ENG_493, LRNN ENKL IMPR PRSN ,PERSONALITY
ENG_494, NLJ  PRSN TF ,PERSONALITY
ENG_495, BS KRLS KR LKS PRSN MTR INTL ,PERSONALITY
ENG_496, PRSN PRSN ,PERSONALITY
ENG_497, TL FKTR TSKR HMN PRSN ,PERSONALITY
ENG_498, PRSN PRSN TMNX ,PERSONALITY
ENG_499, XLT  FTBK ,PERSONALITY
ENG_500, KNFT PRST ,PERSONALITY
ENG_501, KT RSP AL PLK ,RECIPES
ENG_502, WN HT MNK XTN TL  ,RECIPES
ENG_503, RSP KBH MNXR ,RECIPES
ENG_504,  SWT SR MNK XTN ,RECIPES
ENG_505, BHRW BHNT INKR ,RECIPES
ENG_506, BHRW BNKN ,RECIPES
ENG_507, RSML RSP PLSS ,RECIPES
ENG_508, RF LT ,RECIPES
ENG_509, KLKN ,RECIPES
ENG_510, JLB TPS PL ,RECIPES
ENG_512, PTN PRT ,RECIPES
ENG_513, LMN PLS XL PKL ,RECIPES
ENG_514, PRPR HT LMN PKL ,RECIPES
ENG_515, KK NT XTN ,RECIPES
ENG_516, KKNT XTN PRPR ,RECIPES
ENG_517, TL ES STPS KKNT XTN ,RECIPES
ENG_518,  MNT XTN ,RECIPES
ENG_519, TK BL MKSK PS ,RECIPES
ENG_520,  TKBL MT SSNN ,RECIPES
ENG_521, PL FRM KNTR FS ASTR ,VISA
ENG_522, AP FS ,VISA
ENG_523, TM FS AP ,VISA
ENG_524, NKK SRKS KP PSPT ,VISA
ENG_525, FT KP PS PRT RKRT KP ,VISA
ENG_526, INTN BS FS RKT ,VISA
ENG_527, RK INT ENTR USNK BSNS FS ,VISA
ENG_529, EKST INTN BSNS FS ,VISA
ENG_530, KNFR TRST FS STTN FS ,VISA
ENG_531, R  APL  FS ,VISA
ENG_532, STTN FS TMS ENTR KNTR ,VISA
ENG_533,  P FS XRJ ,VISA
ENG_534, APLK PRSN SBMT AP ,VISA
ENG_535, INTS PP ,VISA
ENG_536, STJ MNSN WNTR ,VISA
ENG_537, FM MSK TLH ,VISA
ENG_538, K PT INT ,VISA
ENG_539, NM INTS KPTL ,VISA
ENG_540, WTS INTS KRNS ,VISA
ENG_541, HNTL FTS KRFK ,WEB
ENG_542, TSN ST HST ELSH ,WEB
ENG_543, Y FLX ,WEB
ENG_544, AM ALT XNJS ST ON ,WEB
ENG_545, SMPL WB TMPL ,WEB
ENG_546,  TMN NM SKR ,WEB
ENG_547, PSBL KNK PST TMN ,WEB
ENG_548, FKST PST NM  ,WEB
ENG_549, EKSP TMN NMS ,WEB
ENG_550, AM ALT XNJ TMN PS WRT ,WEB
ENG_551, WTS HST NM ,WEB
ENG_552, WTS TMN LKN ,WEB
ENG_553,  RN TMN NM ,WEB
ENG_554, RK TMN NM ,WEB
ENG_555, PK TMN NM ,WEB
ENG_556, WTS ATRS ,WEB
ENG_557, WTS T RSL ,WEB
ENG_558, WTS KJ ASS ,WEB
ENG_559, KN JM TLNT SRFS ,WEB
ENG_560, WTS UR BSNS ML SRFS ,WEB
ENG_561, UR HSTN SRFK AFL INT USRS ,WEB
ENG_562, PMNT SKMS APLK ,WEB
ENG_563, APLN BKR PLN LTR ,WEB
ENG_564, WTS KJ AKSS ,WEB
ENG_565, US JF SKRP PJ ,WEB
ENG_566, KMPN TMN NM PP AKK ,WEB
ENG_567, Y KNTR PNL LNKS AKK ,WEB
ENG_568, WTS AMT TT TR PJ ,WEB
ENG_569, MNTN MSLF ST ST ,WEB
ENG_570, KK TK BLS HT TK SS ,RECIPES
ENG_571, PTT XP KK ,RECIPES
ENG_572, PPY STL TRT RS ,RECIPES
ENG_573, Y BK PS HT KRST ,RECIPES
ENG_574, Y SMBR TST ,RECIPES
ENG_575, RSM MSL ,RECIPES
ENG_576, TL ES STPS MNKL RSM ,RECIPES
ENG_577,  SMBR ,RECIPES
ENG_578, ES  PRP TK BL MKSK PS ,RECIPES
ENG_579, ELBR STPS  TKBL MT SSNN ,RECIPES
ENG_579, MNKL RSM RSP PL ,RECIPES
ENG_580, Y JM RSP KRN PS SKN SP ,RECIPES
ENG_581, JM RSP  PPY STL TRT RS ,RECIPES
ENG_582, NT BK PS HT KRST ,RECIPES
ENG_583,  MK SMBR MM ,RECIPES
ENG_584, RSM MSLS ,RECIPES
ENG_585, HS MNKL RSM PRPR ,RECIPES
ENG_586, SMBR RSP ,RECIPES
ENG_587, TKBL MKSK PS RSP ,RECIPES
ENG_588, PL TL  TKBL MT SSNN ,RECIPES
ENG_589, WN MNKL RSM RKP ,RECIPES
ENG_590, KRN P SKN SP M0T ,RECIPES
ENG_591, ENBL BLK TT ENKR HRTT ,INTERNAL
ENG_592, R  B HRTT BLK TT ENKR ,INTERNAL
ENG_594,  FRMT HRT TRF  MK ,INTERNAL
ENG_595, WNT KMPT KPST TRF ,INTERNAL
ENG_596, AM JTN MSK FRMT KMPL  ,INTERNAL
ENG_597, AM JTN MSK TSK TMJT FRMT ,INTERNAL
ENG_598, S SKS TRF JFN ERR KLT STRT UNT RKST FLR ,INTERNAL
ENG_599, RMF USB KMPT AFT STRN FLS ,INTERNAL
ENG_600, TNT BL HRT TRF ,INTERNAL
ENG_601, AKTF IRKT MBL ,INDIAN
ENG_602, FRNT ABT IRKT MBL ,INDIAN
ENG_603, T TKT KNSL KRKS ,INDIAN
ENG_604, FR TKT TLFR T XT PRFT KRR ,INDIAN
ENG_605, T TNT PLN JRN ATFN ,INDIAN
ENG_606, AKTF IRKT MBL ,INDIAN
ENG_607, TL FRNT ABT IRKT MBL ,INDIAN
ENGLISH_608, AM TX KMP SK STTN  MK KRR ARXL ,CAREER
ENGLISH_610, K KRKT TM TS BRN LR PL  ,SPORTS
ENGLISH_612, KRTT KRT INF IRKT MBL SF ,INDIAN
ENGLISH_613, KRR NTRK LNK ,CAREER
ENGLISH_614, FTR JB PRSP L KRTT ESP KFT JBS ,CAREER
ENGLISH_615, HPLK JNKR PRJ TFRN FML TR TN ,HEALTH
ENGLISH_616, TS HK RFR MN KLSP RTS ,SPORTS
ENGLISH_617, AM SRXN JB BNKS KFJB RLTT KRR KMPL BKS  EKSP RTS INTS LTT KMBT ASXT APRJ KRPR SRFS KMBT PRSN EKSK TL TT AM PRSN PKTP IR ,CAREER
ENGLISH_619, KT PT INSR RSTN KNT ,INSURANCE
ENGLISH_622, PLT AFTR OPTN NNMT STRM  ,CAREER
ENGLISH_623, LBR UNN PRFT KP INSR ,INSURANCE
ENGLISH_624, N BST TM ST EKSM ,CAREER
ENGLISH_625, 0 FRNT ATSL KNKX BSNL KNT ON ,TELECOMMUNICATION
ENGLISH_627, AM INFK IM TKNK ANTR TRKS NTTK FRL LT ,HEALTH
ENGLISH_628, FL FKSN PRKN KS FLS F HFTS RSLT ,HEALTH
ENGLISH_631, PLSM SRFK ,CAREER
ENGLISH_632, MN PNLT NTS ALNS AKSP BSNS PFT MTR INSR PLS ,INSURANCE
ENGLISH_633, TM LSST SKR OT ,SPORTS
ENGLISH_634, HRT ATK KNSR STRK KFRT L0 INSR PLS  ,INSURANCE
ENGLISH_636, KSTM OFKR ARPR ,CAREER
ENGLISH_637, INSR KMPN RSNT HL0 INSR PLS TS 0T MN ,INSURANCE
ENGLISH_638, PNS MN STLN N AM ,INSURANCE
ENGLISH_640, MNMM ANL INKM RKRT ELJB KRTK ILNS INSR  ,INSURANCE
ENGLISH_644, BSNL KNKX  ,TELECOMMUNICATION
ENGLISH_647, X BS BL LK TM WLT TSN OP KNTR   ,SPORTS
ENGLISH_650, X ST KNTR RKKN MKSK INTP ,SPORTS
ENGLISH_651, NT LF INSR ,INSURANCE
ENGLISH_652, X FML KLFR NK TK ,SPORTS
ENGLISH_653, ORKN PRTS FR PSTS RST ,SPORTS
ENGLISH_654, WRLT KRKT PLYR ,SPORTS
ENGLISH_655, TTLS KLFK PSXN ,CAREER
ENGLISH_656, KRJS USNK WTNK RL STN ,INDIAN
ENGLISH_657, ST PM INT ,GK
ENGLISH_658, KLMT RKRT TSKN ,SPORTS
ENGLISH_662, EMPL ALWT XNJ HL0 BNFT PRKR LSR BNFT ,INSURANCE
ENGLISH_663, ENST  SWM ,GK
ENGLISH_664, XT INFS KX PLS N SFNK RT BTR ,INSURANCE
ENGLISH_666, AT PLS TTLS A0 BNK WBST ,INSURANCE
ENGLISH_667, KLMS ST YR WN TSKN PLS ,INSURANCE
ENGLISH_668, BLT TNXN INKR RSK HF INFK ,HEALTH
ENGLISH_669, XNL TNL ERP OPN ,GK
ENGLISH_670, MRJR 0XR PM ,GK
ENGLISH_671, WTS STRT SLR RNJ PRFT TNTL PRKT MSSP ,HEALTH
ENGLISH_673, ST FT ,INSURANCE
ENGLISH_674, MTKX PRSK RTS KT MN ,SPORTS
ENGLISH_675, PLS OLT AT XLTR ,INSURANCE
ENGLISH_676, EMPL PSXL ,CAREER
ENGLISH_678, KNTX XT ABT ,INSURANCE
ENGLISH_679, 0 KNK ISRL XRS NM HRMN MLFL LTRR XRKT ,SPORTS
ENGLISH_680, EP HSRT AR PLTN AR ,HEALTH
ENGLISH_681, BLK KS PN HF ,GK
ENGLISH_682, KFT LF INSN SKMS P TFTN ,INSURANCE
ENGLISH_683, PNS KR RTN ,INSURANCE
ENGLISH_684, T KRT BT ,SPORTS
ENGLISH_685, ST KFNR JNL FR INT ,GK
ENGLISH_686, INTN PM RSN KMPL TRM ,GK
ENGLISH_687, OTFT NXNL INTL TL SRKL  ,SPORTS
ENGLISH_689, X WRLT LRJT TMNT PRTS KNTR ,GK
ENGLISH_690, B LRF XNS BKMN STPS ETNK RYL JL TS ,SPORTS
ENGLISH_692, X ST KNTR HST MTRN OLMP ,GK
ENGLISH_695, INSR BRKR INSR AJNT ,INSURANCE
ENGLISH_696, WN MK SLP ,HEALTH
ENG_55x, NTNL FLR ITL ,GK
ENG_56x, TS XNS NTNL FLR ,GK
ENG_57x, R PRMN SKRT SRK LKTT ,GK
ENG_58x, TS KTW  KLF IRN ,GK
ENG_59x, R T INTS RFLT BN ,GK
ENG_60x, N WRLT ENFR T SLB ,GK
ENG_63x, X KNTR RLTS LRKS TN PRTK ,GK
ENG_64x, X KNTR KLT LNT RSNK SN ,GK
ENG_78x, UPLN TNLN FRKS ,TELECOMMUNICATION
ENG_89x, APL BSNL KN ,TELECOMMUNICATION
ENG_96x, PNS IRKT LKT ,INDIAN
ENG_99x, MK PMNT ETKT ,INDIAN
ENG_103x, ATFT ISTN ,TELECOMMUNICATION
ENG_104x, NT SPRT LN ISTN ,TELECOMMUNICATION
ENG_105x,  KNJ M  TT RT  AN0R ,TELECOMMUNICATION
ENG_135x, KT BSNL KN ,TELECOMMUNICATION
ENG_136x, LP KTNK BSNL KNKS ,TELECOMMUNICATION
ENG_137x, KT BSNL KNKS ,TELECOMMUNICATION
ENG_138x, PL TL  KT BSNL KNKT ,TELECOMMUNICATION
ENG_139x, PRKT  APL BSNL KNKK ,TELECOMMUNICATION
ENG_140x, PSN  TLKM KN XFT HSS ,TELECOMMUNICATION
ENG_141x, MN UPLT ,TELECOMMUNICATION
ENG_142x, MNT UPLT ,TELECOMMUNICATION
ENG_163x, NTT FT TRNS TF LNK TSTN ,TELECOMMUNICATION
ENG_164x, X SKNL TKTN ENKT ,TELECOMMUNICATION
ENG_165x, ATSL FSTR 0N TL KPNS ,TELECOMMUNICATION
ENG_170x, TS MN EKSP JMK ,GK
ENG_171x, X WT ELFN ,GK
ENG_172x, S KL ,GK
ENG_173x, X KNTR IRN SN NK TL T ,GK
ENG_216x, ST INTN  FST SPS ,GK
ENG_242x, X UNF TPT FRBS BLNR LST ,GK
ENG_244x, S ST INTN NF FS ATMR ,GK
ENG_255x, AKTF IRKT ,INDIAN
ENG_256x, TL PL ABT IRKT MBL ,INDIAN
ENG_270x, LSR STML K ,TELECOMMUNICATION
ENG_271x, TS LN ST RK FR K AFT TT ,TELECOMMUNICATION
ENG_272x, FM BRTK PRFR FR MSKT TRNS ,TELECOMMUNICATION
ENG_274x, E0RN ,TELECOMMUNICATION
ENG_295x, X ANML S KT BLT ,GK
ENG_296x, X LNKS RFR RLT ,GK
ENG_297x, X ST MTN RLT ,GK
ENG_298x, X LRKS TSRT RLT ,GK
ENG_299x, TS NM LRKS OKRN RLT ,GK
ENG_310x, ATFT USK IRKT MBL ,INDIAN
ENG_311x, SRFS RLTT IRKT MBL ,INDIAN
ENG_312x, STPS USNK IRKT MBL ,INDIAN
ENG_313x, BK TKTS USNK IRKT MBL ,INDIAN
ENG_314x, PSBL KNKL TKTS USNK IRKT MBL ,INDIAN
ENG_325x, HT TLKM PRFS PLSS ,TELECOMMUNICATION
ENG_326x, SRFS PRFT HT TLKM ,TELECOMMUNICATION
ENG_327x, MSTR KNTR FSLT ,TELECOMMUNICATION
ENG_328x, TS TF BTN KRKT FRK KRTK ANKL ,TELECOMMUNICATION
ENG_329x, SPX RPRT RKFR ,TELECOMMUNICATION
ENG_351x, BTS M ,GK
ENG_352x, X KNTR S LRKS LNT ,GK
ENG_353x, K MSLM KNKT KRL ,GK
ENG_365x, MN ITKT STR IRKT ,INDIAN
ENG_366x, XT SNX IRKT ,INDIAN
ENG_367x, AKTF IRKT ,INDIAN
ENG_369x, KRTT KRT INF UST SF IRKT MBL ,INDIAN
ENG_380x, TSTF RLT SPS ,TELECOMMUNICATION
ENG_383x, BRTK TF SKNL RNKS ,TELECOMMUNICATION
ENG_384x, RKRT FR TPLK KMNK USNK  WRR SRKT ,TELECOMMUNICATION
ENG_391x, PNS LS MB ,INDIAN
ENG_392x, IRKT MBL ,INDIAN
ENG_401x, X BKST TSRT RLT ,GK
ENG_402x, TS LNK0 ENK KNL ,GK
ENG_403x, TS UNTT NTNS STNT  ,GK
ENG_404x, INFN LT BLB ,GK
ENG_405x, X LNKS RFR RLT ,GK
ENG_426x, R KT AKRB ,TELECOMMUNICATION
ENG_427x, TF TRNS US AM FRK MTLT ,TELECOMMUNICATION
ENG_428x, TS TT TRNS RKPT TK PLS USNK OPTK KM ,TELECOMMUNICATION
ENG_429x, ATFT ISTN ,TELECOMMUNICATION
ENG_430x, BNFT ATSL ,TELECOMMUNICATION
ENG_446x, 0R ANML 0T S WT BLT YS TL NM ,GK
ENG_447x, X RFR KRS MKS AMT TR S ,GK
ENG_448x, TS FLFR UN ,GK
ENG_449x, NK PPLR ST OF ,GK
ENG_455x, IRKT  RL TKTK ,INDIAN
ENG_459x, N NR AFT MKK PMNT ,INDIAN
ENG_465x, TP PMNT M0S TLKM ,TELECOMMUNICATION
ENG_466x, 0R ATFT USNK ISTN ,TELECOMMUNICATION
ENG_467x, NT TTKT LN ATSL ,TELECOMMUNICATION
ENG_468x, PS KNJ M  TT PLN AN0R BRTB ,TELECOMMUNICATION
ENG_469x, SPX JNRT RKFR ,TELECOMMUNICATION
ENGLISH_657x, NM FST PM INT ,GK
ENGLISH_685x, ST JNRL FR INT ,GK
ENGLISH_686x, S ST INTN PM  RSN 0T KMPL TRM ,GK
ENGLISH_689x, X KNTR PRTK LRKS AMT TMNT RLT ,GK
ENGLISH_692x, X KNTR ST HSTT MTRN OLMP ,GK
